dt,beta,g,tau,trial,theta,initMacro,initCoral,initTurf,lgMacro,lgCoral
1e-05,0.2,0.2,0.6,1,0.0981748,0.0597111,0.00588103,0.934408,0.774766,0.000135295
1e-05,0.2,0.2,0.6,2,0.0981748,0.0596657,0.00588106,0.934453,0.780831,0.00013383
1e-05,0.2,0.2,0.6,3,0.0981748,0.759565,0.000143431,0.240291,0.71923,0.00126119
1e-05,0.2,0.2,0.6,1,0.19635,0.759711,0.000143431,0.240146,0.75667,0.000970123
1e-05,0.2,0.2,0.6,2,0.19635,0.75339,0.00102597,0.245584,0.773732,9.42118e-06
1e-05,0.2,0.2,0.6,3,0.19635,0.75317,0.00102597,0.245804,0.718031,6.922e-06
1e-05,0.2,0.2,0.6,1,0.294524,0.73388,7.25888e-06,0.266113,0.788769,1.27915e-10
1e-05,0.2,0.2,0.6,2,0.294524,0.733806,7.25888e-06,0.266187,0.788118,7.99835e-11
1e-05,0.2,0.2,0.6,1,0.392699,0.0554328,0.022961,0.921606,0.789383,0.010993
1e-05,0.2,0.2,0.6,3,0.294524,0.766725,8.475e-11,0.233275,0.769379,0.0103276
1e-05,0.2,0.2,0.6,2,0.392699,0.788817,0.0109854,0.200197,0.709339,7.00908e-07
1e-05,0.2,0.2,0.6,3,0.392699,0.788992,0.0109854,0.200022,0.749903,4.55355e-07
1e-05,0.2,0.2,0.6,2,0.490874,0.712941,4.76949e-07,0.287058,0.770641,8.47343e-12
1e-05,0.2,0.2,0.6,1,0.490874,0.712858,4.76949e-07,0.287142,0.731311,6.37699e-12
1e-05,0.2,0.2,0.6,3,0.490874,0.732475,6.68937e-12,0.267525,0.782145,3.77675e-16
1e-05,0.2,0.2,0.6,1,0.589049,0.732595,6.68937e-12,0.267405,0.712671,1.74242e-16
1e-05,0.2,0.2,0.6,2,0.589049,0.731513,1.82622e-16,0.268487,0.712901,2.89191e-20
1e-05,0.2,0.2,0.6,3,0.589049,0.731513,1.82622e-16,0.268487,0.744043,1.50487e-20
1e-05,0.2,0.2,0.6,2,0.687223,0.75925,1.58857e-20,0.24075,0.728256,1.34813e-24
1e-05,0.2,0.2,0.6,1,0.687223,0.759288,1.58857e-20,0.240712,0.749537,1.33154e-24
1e-05,0.2,0.2,0.6,1,0.785398,0.760059,1.40394e-24,0.239941,0.73744,1.06754e-28
1e-05,0.2,0.2,0.6,3,0.687223,0.759832,1.40394e-24,0.240168,0.727172,1.0144e-28
1e-05,0.2,0.2,0.6,2,0.785398,0.739476,1.06559e-28,0.260524,0.739017,4.60033e-33
1e-05,0.2,0.2,0.6,3,0.785398,0.739306,1.06559e-28,0.260694,0.74305,4.26092e-33
1e-05,0.2,0.2,0.6,1,0.883573,0.741822,4.48855e-33,0.258178,0.683046,3.11684e-37
1e-05,0.2,0.2,0.6,2,0.883573,0.741769,4.48855e-33,0.258231,0.725907,2.69661e-37
1e-05,0.2,0.2,0.6,3,0.883573,0.706711,2.82486e-37,0.293289,0.73065,3.6565e-05
1e-05,0.2,0.2,0.6,1,0.981748,0.706773,2.82486e-37,0.293227,0.745859,2.95377e-05
1e-05,0.2,0.2,0.6,3,0.981748,0.717911,3.10115e-05,0.282058,0.714965,8.46192e-09
1e-05,0.2,0.2,0.6,2,0.981748,0.717769,3.10115e-05,0.2822,0.670789,8.06763e-09
1e-05,0.2,0.2,0.6,1,1.07992,0.716759,8.39251e-09,0.283241,0.735096,2.76774e-13
1e-05,0.2,0.2,0.6,2,1.07992,0.716752,8.39251e-09,0.283248,0.73581,2.6986e-13
1e-05,0.2,0.2,0.6,1,1.1781,0.728971,2.8391e-13,0.271029,0.767538,2.63129e-17
1e-05,0.2,0.2,0.6,3,1.07992,0.728747,2.8391e-13,0.271253,0.744514,8.18082e-18
1e-05,0.2,0.2,0.6,3,1.1781,0.74962,8.60561e-18,0.25038,0.798477,2.92844e-22
1e-05,0.2,0.2,0.6,2,1.1781,0.749625,8.60561e-18,0.250375,0.793472,1.96522e-22
1e-05,0.2,0.2,0.6,2,1.27627,0.81912,2.1002e-22,0.18088,0.826805,8.84124e-27
1e-05,0.2,0.2,0.6,1,1.27627,0.819313,2.1002e-22,0.180687,0.836291,8.48722e-27
1e-05,0.2,0.2,0.6,3,1.27627,0.820868,9.1186e-27,0.179132,0.813648,0.000327143
1e-05,0.2,0.2,0.6,1,1.37445,0.820847,9.1186e-27,0.179153,0.788223,0.000294405
1e-05,0.2,0.2,0.6,2,1.37445,0.818941,0.000314477,0.180744,0.7216,4.55149e-07
1e-05,0.2,0.2,0.6,3,1.37445,0.81895,0.000314477,0.180736,0.732365,4.41463e-07
1e-05,0.2,0.2,0.6,1,1.47262,0.724154,4.62682e-07,0.275845,0.671391,5.35724e-10
1e-05,0.2,0.2,0.6,2,1.47262,0.723934,4.62682e-07,0.276066,0.683638,5.23962e-10
1e-05,0.2,0.2,0.6,3,1.47262,0.653882,5.44498e-10,0.346118,0.638385,0.000762988
1e-05,0.4,0.2,0.6,1,0.0981748,0.0597111,0.00588103,0.934408,0.648583,0.000747174
1e-05,0.4,0.2,0.6,2,0.0981748,0.646338,0.000770828,0.352891,0.85173,1.64839e-09
1e-05,0.4,0.2,0.6,3,0.0981748,0.646466,0.000770828,0.352763,0.84307,1.62463e-09
1e-05,0.4,0.2,0.6,1,0.19635,0.893413,1.75562e-09,0.106587,0.873124,3.41921e-05
1e-05,0.4,0.2,0.6,2,0.19635,0.893369,1.75562e-09,0.106631,0.869348,3.34997e-05
1e-05,0.4,0.2,0.6,3,0.19635,0.891365,3.64061e-05,0.108598,0.689075,3.24688e-07
1e-05,0.4,0.2,0.6,1,0.294524,0.891191,3.64061e-05,0.108773,0.710759,3.14877e-07
1e-05,0.4,0.2,0.6,2,0.294524,0.712336,3.28105e-07,0.287664,0.838982,2.41161e-10
1e-05,0.4,0.2,0.6,3,0.294524,0.712743,3.28105e-07,0.287256,0.842992,2.05534e-10
1e-05,0.4,0.2,0.6,1,0.392699,0.866664,2.21345e-10,0.133336,0.828666,2.42629e-15
1e-05,0.4,0.2,0.6,2,0.392699,0.86667,2.21345e-10,0.13333,0.707594,1.75651e-15
1e-05,0.4,0.2,0.6,1,0.490874,0.707428,1.83313e-15,0.292572,0.523802,3.81841e-16
1e-05,0.4,0.2,0.6,3,0.392699,0.707695,1.83313e-15,0.292305,0.654636,3.72917e-16
1e-05,0.4,0.2,0.6,3,0.490874,0.549473,3.80307e-16,0.450527,0.751531,5.08405e-19
1e-05,0.4,0.2,0.6,2,0.490874,0.54988,3.80307e-16,0.45012,0.777446,3.65161e-19
1e-05,0.4,0.2,0.6,1,0.589049,0.793193,3.87167e-19,0.206807,0.742301,1.07986e-22
1e-05,0.4,0.2,0.6,2,0.589049,0.793084,3.87167e-19,0.206916,0.744584,9.81789e-23
1e-05,0.4,0.2,0.6,1,0.687223,0.772587,1.03554e-22,0.227413,0.539281,2.46501e-25
1e-05,0.4,0.2,0.6,3,0.589049,0.772988,1.03554e-22,0.227012,0.603131,2.35411e-25
1e-05,0.4,0.2,0.6,2,0.687223,0.595469,2.39512e-25,0.404531,0.673075,7.88712e-27
1e-05,0.4,0.2,0.6,3,0.687223,0.595589,2.39512e-25,0.404411,0.838998,4.91122e-27
1e-05,0.4,0.2,0.6,2,0.785398,0.804041,5.24462e-27,0.195959,0.76189,1.54531e-31
1e-05,0.4,0.2,0.6,1,0.785398,0.803873,5.24462e-27,0.196127,0.831936,1.27757e-31
1e-05,0.4,0.2,0.6,1,0.883573,0.81635,1.37217e-31,0.18365,0.845571,1.63012e-05
1e-05,0.4,0.2,0.6,3,0.785398,0.816369,1.37217e-31,0.183631,0.70966,7.67448e-06
1e-05,0.4,0.2,0.6,3,0.883573,0.729425,8.0347e-06,0.270567,0.730364,3.68604e-10
1e-05,0.4,0.2,0.6,2,0.883573,0.729989,8.0347e-06,0.270003,0.769174,2.7288e-10
1e-05,0.4,0.2,0.6,2,0.981748,0.780901,2.87907e-10,0.219099,0.779228,1.29087e-15
1e-05,0.4,0.2,0.6,1,0.981748,0.781248,2.87907e-10,0.218752,0.702308,7.15628e-16
1e-05,0.4,0.2,0.6,3,0.981748,0.700114,7.46132e-16,0.299886,0.704586,4.66033e-06
1e-05,0.4,0.2,0.6,1,1.07992,0.700393,7.46132e-16,0.299607,0.7951,3.81659e-06
1e-05,0.4,0.2,0.6,2,1.07992,0.761493,4.05282e-06,0.238503,0.612534,0.000353281
1e-05,0.4,0.2,0.6,3,1.07992,0.761679,4.05282e-06,0.238317,0.661739,0.00031341
1e-05,0.4,0.2,0.6,2,1.1781,0.660394,0.000324216,0.339282,0.749691,5.44634e-08
1e-05,0.4,0.2,0.6,1,1.1781,0.660162,0.000324216,0.339514,0.677497,4.31473e-08
1e-05,0.4,0.2,0.6,3,1.1781,0.723761,4.51792e-08,0.276239,0.648922,1.12644e-06
1e-05,0.4,0.2,0.6,1,1.27627,0.723363,4.51792e-08,0.276637,0.75696,6.45977e-07
1e-05,0.4,0.2,0.6,3,1.27627,0.770502,6.82789e-07,0.229498,0.886812,5.71923e-06
1e-05,0.4,0.2,0.6,2,1.27627,0.770557,6.82789e-07,0.229442,0.807436,4.97666e-06
1e-05,0.4,0.2,0.6,2,1.37445,0.881906,5.35023e-06,0.118089,0.873708,7.77705e-11
1e-05,0.4,0.2,0.6,1,1.37445,0.882058,5.35023e-06,0.117937,0.781819,5.62101e-11
1e-05,0.4,0.2,0.6,3,1.37445,0.791305,5.97894e-11,0.208695,0.729203,2.00891e-14
1e-05,0.4,0.2,0.6,1,1.47262,0.791707,5.97894e-11,0.208293,0.783939,1.30067e-14
1e-05,0.4,0.2,0.6,2,1.47262,0.792217,1.38294e-14,0.207783,0.47816,1.75868e-05
1e-05,0.4,0.2,0.6,3,1.47262,0.792356,1.38294e-14,0.207644,0.394124,1.97193e-05
1e-05,0.6,0.2,0.6,1,0.0981748,0.345834,1.91159e-05,0.654147,0.383606,4.86952e-09
1e-05,0.6,0.2,0.6,2,0.0981748,0.346401,1.91159e-05,0.65358,0.414783,4.94461e-09
1e-05,0.6,0.2,0.6,3,0.0981748,0.356159,4.79925e-09,0.643841,2.45347e-06,0.559996
1e-05,0.6,0.2,0.6,1,0.19635,0.355349,4.79925e-09,0.644651,3.90019e-06,0.559997
1e-05,0.6,0.2,0.6,2,0.19635,3.02377e-06,0.559997,0.44,4.77422e-10,0.56
1e-05,0.6,0.2,0.6,3,0.19635,2.90937e-06,0.559997,0.44,4.34605e-10,0.56
1e-05,0.6,0.2,0.6,1,0.294524,4.27329e-10,0.56,0.44,3.37118e-23,0.56
1e-05,0.6,0.2,0.6,2,0.294524,0,0.56,0.44,3.32063e-23,0.56
1e-05,0.6,0.2,0.6,3,0.294524,2.38518e-23,0.56,0.44,3.09561e-15,0.56
1e-05,0.6,0.2,0.6,1,0.392699,0,0.56,0.44,2.19864e-15,0.56
1e-05,0.6,0.2,0.6,2,0.392699,3.38409e-15,0.56,0.44,8.24314e-12,0.56
1e-05,0.6,0.2,0.6,3,0.392699,0,0.56,0.44,1.04846e-11,0.56
1e-05,0.6,0.2,0.6,2,0.490874,0,0.56,0.44,8.84675e-11,0.56
1e-05,0.6,0.2,0.6,1,0.490874,1.13293e-11,0.56,0.44,1.28989e-10,0.56
1e-05,0.6,0.2,0.6,1,0.589049,0,0.56,0.44,4.94085e-19,0.56
1e-05,0.6,0.2,0.6,3,0.490874,1.31769e-10,0.56,0.44,6.49079e-19,0.56
1e-05,0.6,0.2,0.6,2,0.589049,4.92498e-19,0.56,0.44,8.9748e-18,0.56
1e-05,0.6,0.2,0.6,3,0.589049,0,0.56,0.44,1.08868e-17,0.56
1e-05,0.6,0.2,0.6,1,0.687223,9.16643e-18,0.56,0.44,1.35097e-13,0.56
1e-05,0.6,0.2,0.6,2,0.687223,0,0.56,0.44,1.68234e-13,0.56
1e-05,0.6,0.2,0.6,1,0.785398,0,0.56,0.44,4.30712e-14,0.56
1e-05,0.6,0.2,0.6,3,0.687223,1.22999e-13,0.56,0.44,4.99482e-14,0.56
1e-05,0.6,0.2,0.6,3,0.785398,0,0.56,0.44,0.789733,5.67593e-06
1e-05,0.6,0.2,0.6,2,0.785398,3.64673e-14,0.56,0.44,0.793096,5.44076e-06
1e-05,0.6,0.2,0.6,1,0.883573,0.750263,5.82141e-06,0.249731,0.780725,9.55839e-11
1e-05,0.6,0.2,0.6,2,0.883573,0.749847,5.82141e-06,0.250147,0.814173,4.90903e-11
1e-05,0.6,0.2,0.6,3,0.883573,0.772985,5.20728e-11,0.227015,0.213675,8.75101e-12
1e-05,0.6,0.2,0.6,1,0.981748,0.772791,5.20728e-11,0.227209,0.457281,1.38978e-11
1e-05,0.6,0.2,0.6,2,0.981748,0.491837,1.372e-11,0.508163,0.807299,9.66548e-06
1e-05,0.6,0.2,0.6,3,0.981748,0.490109,1.372e-11,0.509891,0.797362,6.8777e-06
1e-05,0.6,0.2,0.6,1,1.07992,0.789108,7.31341e-06,0.210885,0.898538,5.06034e-05
1e-05,0.6,0.2,0.6,2,1.07992,0.789622,7.31341e-06,0.21037,0.792693,2.46116e-05
1e-05,0.6,0.2,0.6,3,1.07992,0.835673,2.62565e-05,0.164301,0.0624426,9.88281e-05
1e-05,0.6,0.2,0.6,1,1.1781,0.835677,2.62565e-05,0.164297,0.110287,0.000108774
1e-05,0.6,0.2,0.6,2,1.1781,0.0660822,9.90675e-05,0.933819,0.506868,0.0297646
1e-05,0.6,0.2,0.6,3,1.1781,0.0659898,9.90675e-05,0.933911,0.541676,0.0294394
1e-05,0.6,0.2,0.6,1,1.27627,0.491262,0.0295984,0.47914,0.861168,4.17461e-06
1e-05,0.6,0.2,0.6,2,1.27627,0.492461,0.0295984,0.477941,0.680957,3.59678e-06
1e-05,0.6,0.2,0.6,1,1.37445,0.765142,3.75331e-06,0.234854,0.856534,2.11749e-10
1e-05,0.6,0.2,0.6,3,1.27627,0.765352,3.75331e-06,0.234645,0.824007,2.00531e-10
1e-05,0.6,0.2,0.6,3,1.37445,0.869511,2.16e-10,0.130489,0.314926,2.29433e-15
1e-05,0.6,0.2,0.6,2,1.37445,0.869638,2.16e-10,0.130362,0.493856,2.74344e-15
1e-05,0.6,0.2,0.6,2,1.47262,0.498161,2.74009e-15,0.501839,0.801981,6.82238e-20
1e-05,0.6,0.2,0.6,1,1.47262,0.498318,2.74009e-15,0.501682,0.782974,4.49795e-20
1e-05,0.6,0.2,0.6,3,1.47262,0.790273,4.79342e-20,0.209727,0.647198,4.08384e-06
1e-05,0.8,0.2,0.6,1,0.0981748,0.0597111,0.00588103,0.934408,0.523489,3.67072e-06
1e-05,0.8,0.2,0.6,2,0.0981748,0.616401,3.73887e-06,0.383595,0.906389,1.25231e-10
1e-05,0.8,0.2,0.6,3,0.0981748,0.617856,3.73887e-06,0.382141,0.863571,8.68523e-11
1e-05,0.8,0.2,0.6,2,0.19635,0.874677,9.39609e-11,0.125323,0.871683,3.53094e-15
1e-05,0.8,0.2,0.6,1,0.19635,0.874738,9.39609e-11,0.125262,0.885835,1.84636e-15
1e-05,0.8,0.2,0.6,1,0.294524,0.836552,2.00204e-15,0.163448,0.679528,6.8403e-20
1e-05,0.8,0.2,0.6,3,0.19635,0.838222,2.00204e-15,0.161778,0.494423,6.48927e-20
1e-05,0.8,0.2,0.6,2,0.294524,0.488078,6.45677e-20,0.511922,0.773006,7.48281e-18
1e-05,0.8,0.2,0.6,3,0.294524,0.487583,6.45677e-20,0.512417,0.738488,6.6746e-18
1e-05,0.8,0.2,0.6,2,0.392699,0.799204,7.08273e-18,0.200796,0.780332,4.86016e-20
1e-05,0.8,0.2,0.6,1,0.392699,0.800131,7.08273e-18,0.199869,0.837097,2.9999e-20
1e-05,0.8,0.2,0.6,3,0.392699,0.853861,3.24514e-20,0.146139,0.913701,9.07273e-25
1e-05,0.8,0.2,0.6,1,0.490874,0.853831,3.24514e-20,0.146169,0.659761,5.55119e-25
1e-05,0.8,0.2,0.6,3,0.490874,0.549927,5.66839e-25,0.450073,0.607786,1.41969e-24
1e-05,0.8,0.2,0.6,2,0.490874,0.551445,5.66839e-25,0.448555,0.204784,1.76971e-24
1e-05,0.8,0.2,0.6,1,0.589049,0.293169,1.68244e-24,0.706831,0.913554,2.45982e-28
1e-05,0.8,0.2,0.6,2,0.589049,0.293225,1.68244e-24,0.706775,0.891668,1.88579e-28
1e-05,0.8,0.2,0.6,3,0.589049,0.903553,2.05808e-28,0.0964473,0.680324,1.71286e-31
1e-05,0.8,0.2,0.6,1,0.687223,0.903562,2.05808e-28,0.0964375,0.615667,6.26552e-32
1e-05,0.8,0.2,0.6,3,0.687223,0.509555,6.31403e-32,0.490445,0.86044,2.06312e-35
1e-05,0.8,0.2,0.6,2,0.687223,0.50973,6.31403e-32,0.49027,0.77963,1.4962e-35
1e-05,0.8,0.2,0.6,1,0.785398,0.741716,1.58858e-35,0.258284,0.184703,2.36377e-38
1e-05,0.8,0.2,0.6,2,0.785398,0.741426,1.58858e-35,0.258574,0.0792971,4.11718e-38
1e-05,0.8,0.2,0.6,1,0.883573,0.07829,3.74282e-38,0.92171,0.659692,2.46788e-33
1e-05,0.8,0.2,0.6,3,0.785398,0.0784166,3.74282e-38,0.921583,0.631194,2.3733e-33
1e-05,0.8,0.2,0.6,3,0.883573,0.602079,2.431e-33,0.397921,0.793575,9.95191e-35
1e-05,0.8,0.2,0.6,2,0.883573,0.60154,2.431e-33,0.39846,0.808655,8.51465e-35
1e-05,0.8,0.2,0.6,1,0.981748,0.814285,9.11912e-35,0.185715,0.831662,4.45219e-36
1e-05,0.8,0.2,0.6,2,0.981748,0.814931,9.11912e-35,0.185069,0.839202,3.11358e-36
1e-05,0.8,0.2,0.6,3,0.981748,0.846327,3.35761e-36,0.153673,0.727002,1.12348e-39
1e-05,0.8,0.2,0.6,1,1.07992,0.846177,3.35761e-36,0.153823,0.652702,8.56054e-40
1e-05,0.8,0.2,0.6,2,1.07992,0.665136,8.96132e-40,0.334864,0.847994,4.20643e-43
1e-05,0.8,0.2,0.6,3,1.07992,0.665791,8.96132e-40,0.334209,0.689312,2.1649e-43
1e-05,0.8,0.2,0.6,2,1.1781,0.717671,2.27698e-43,0.282329,1.22321e-16,0.559998
1e-05,0.8,0.2,0.6,1,1.1781,0.717562,2.27698e-43,0.282438,1.19774e-16,0.559998
1e-05,0.8,0.2,0.6,1,1.27627,0,0.559998,0.440002,2.21447e-13,0.56
1e-05,0.8,0.2,0.6,3,1.1781,1.24305e-16,0.559998,0.440002,1.02573e-13,0.56
1e-05,0.8,0.2,0.6,2,1.27627,1.05945e-13,0.56,0.44,4.8428e-10,0.56
1e-05,0.8,0.2,0.6,3,1.27627,0,0.56,0.44,8.81383e-10,0.56
1e-05,0.8,0.2,0.6,2,1.37445,0,0.56,0.44,5.82703e-32,0.56
1e-05,0.8,0.2,0.6,1,1.37445,6.44056e-10,0.56,0.44,0,0.56
1e-05,0.8,0.2,0.6,1,1.47262,0,0.56,0.44,2.0248e-16,0.56
1e-05,0.8,0.2,0.6,3,1.37445,0,0.56,0.44,4.20313e-17,0.56
1e-05,0.8,0.2,0.6,3,1.47262,0.00588103,0.0597111,0.934408,1.04929e-09,0.56
1e-05,0.8,0.2,0.6,2,1.47262,6.7914e-17,0.56,0.44,1.99792e-09,0.56
1e-05,1,0.2,0.6,1,0.0981748,1.43148e-09,0.56,0.44,1.60885e-27,0.56
1e-05,1,0.2,0.6,2,0.0981748,0,0.56,0.44,1.87694e-27,0.56
1e-05,1,0.2,0.6,1,0.19635,0,0.56,0.44,1.48469e-67,0.56
1e-05,1,0.2,0.6,3,0.0981748,1.32e-27,0.56,0.44,1.52862e-67,0.56
1e-05,1,0.2,0.6,3,0.19635,0,0.56,0.44,6.28749e-15,0.56
1e-05,1,0.2,0.6,2,0.19635,1.32611e-67,0.56,0.44,7.91207e-15,0.56
1e-05,1,0.2,0.6,1,0.294524,7.14259e-15,0.56,0.44,0.746198,2.35938e-07
1e-05,1,0.2,0.6,2,0.294524,0,0.56,0.44,0.89463,1.71155e-07
1e-05,1,0.2,0.6,3,0.294524,0.825698,1.84346e-07,0.174302,0.921717,0.000299623
1e-05,1,0.2,0.6,1,0.392699,0.826236,1.84346e-07,0.173763,0.947563,0.000236245
1e-05,1,0.2,0.6,2,0.392699,0.947363,0.000259768,0.0523767,1.45719e-25,0.558619
1e-05,1,0.2,0.6,3,0.392699,0.94753,0.000259768,0.0522107,1.11253e-25,0.559062
1e-05,1,0.2,0.6,1,0.490874,2.1911e-25,0.558951,0.441049,0,0.56
1e-05,1,0.2,0.6,2,0.490874,0,0.558951,0.441049,0,0.56
1e-05,1,0.2,0.6,3,0.490874,0,0.56,0.44,5.85211e-32,0.56
1e-05,1,0.2,0.6,1,0.589049,0,0.56,0.44,4.72993e-32,0.56
1e-05,1,0.2,0.6,2,0.589049,5.28379e-32,0.56,0.44,4.05614e-33,0.56
1e-05,1,0.2,0.6,3,0.589049,0,0.56,0.44,3.22595e-33,0.56
1e-05,1,0.2,0.6,1,0.687223,2.47003e-33,0.56,0.44,1.32817e-19,0.56
1e-05,1,0.2,0.6,2,0.687223,0,0.56,0.44,7.39011e-20,0.56
1e-05,1,0.2,0.6,3,0.687223,5.7483e-20,0.56,0.44,5.54423e-25,0.56
1e-05,1,0.2,0.6,1,0.785398,0,0.56,0.44,7.33773e-25,0.56
1e-05,1,0.2,0.6,3,0.785398,0,0.56,0.44,0,0.56
1e-05,1,0.2,0.6,2,0.785398,6.32813e-25,0.56,0.44,0,0.56
1e-05,1,0.2,0.6,1,0.883573,0,0.56,0.44,1.09654e-30,0.56
1e-05,1,0.2,0.6,2,0.883573,0,0.56,0.44,2.85932e-30,0.56
1e-05,1,0.2,0.6,3,0.883573,3.27776e-30,0.56,0.44,1.19746e-14,0.56
1e-05,1,0.2,0.6,1,0.981748,0,0.56,0.44,0,0.56
1e-05,1,0.2,0.6,2,0.981748,0,0.56,0.44,2.03397e-30,0.56
1e-05,1,0.2,0.6,3,0.981748,0,0.56,0.44,2.3729e-30,0.56
1e-05,1,0.2,0.6,1,1.07992,3.19252e-30,0.56,0.44,8.96943e-43,0.56
1e-05,1,0.2,0.6,2,1.07992,0,0.56,0.44,6.0914e-43,0.56
1e-05,1,0.2,0.6,3,1.07992,8.64026e-43,0.56,0.44,1.23506e-40,0.56
1e-05,1,0.2,0.6,1,1.1781,0,0.56,0.44,1.38833e-40,0.56
1e-05,1,0.2,0.6,3,1.1781,0,0.56,0.44,1.11541e-34,0.56
1e-05,1,0.2,0.6,2,1.1781,1.16866e-40,0.56,0.44,0,0.56
1e-05,1,0.2,0.6,1,1.27627,3.49995e-37,0.56,0.44,1.98203e-28,0.56
1e-05,1,0.2,0.6,2,1.27627,0,0.56,0.44,1.10613e-28,0.56
1e-05,1,0.2,0.6,3,1.27627,1.74281e-28,0.56,0.44,1.72148e-09,0.56
1e-05,1,0.2,0.6,1,1.37445,0,0.56,0.44,3.14368e-10,0.56
1e-05,1,0.2,0.6,2,1.37445,9.61513e-10,0.56,0.44,0,0.56
1e-05,1,0.2,0.6,3,1.37445,0,0.56,0.44,0,0.56
1e-05,1,0.2,0.6,1,1.47262,0,0.56,0.44,4.44673e-68,0.56
1e-05,1,0.2,0.6,2,1.47262,0,0.56,0.44,8.42795e-68,0.56
1e-05,1.2,0.2,0.6,1,0.0981748,0.0597111,0.00588103,0.934408,0.553799,0.00167924
1e-05,1,0.2,0.6,3,1.47262,4.11781e-68,0.56,0.44,0.657729,0.00166523
1e-05,1.2,0.2,0.6,2,0.0981748,0.488029,0.00168195,0.510289,0.850586,5.2304e-06
1e-05,1.2,0.2,0.6,3,0.0981748,0.487887,0.00168195,0.510431,0.834336,4.39632e-06
1e-05,1.2,0.2,0.6,1,0.19635,0.82836,4.7168e-06,0.171636,0.868977,5.84471e-11
1e-05,1.2,0.2,0.6,2,0.19635,0.827473,4.7168e-06,0.172522,0.887814,4.4e-11
1e-05,1.2,0.2,0.6,3,0.19635,0.9164,4.78783e-11,0.0836003,0.873413,2.87794e-17
1e-05,1.2,0.2,0.6,1,0.294524,0.916717,4.78783e-11,0.0832833,0.76037,2.40469e-17
1e-05,1.2,0.2,0.6,3,0.294524,0.843294,2.58386e-17,0.156706,6.22351e-17,1.50021e-10
1e-05,1.2,0.2,0.6,2,0.294524,0.844232,2.58386e-17,0.155768,1.24252e-16,3.21441e-10
1e-05,1.2,0.2,0.6,1,0.392699,1.15857e-16,2.87386e-10,1,2.56514e-07,0.10384
1e-05,1.2,0.2,0.6,2,0.392699,0,2.87386e-10,1,2.64411e-07,0.138302
1e-05,1.2,0.2,0.6,3,0.392699,6.77423e-07,0.126972,0.873027,0.951248,0.0340632
1e-05,1.2,0.2,0.6,1,0.490874,5.61342e-07,0.126972,0.873028,0.852518,0.0292782
1e-05,1.2,0.2,0.6,3,0.490874,0.953628,0.03227,0.0141016,0.0353788,0.000150766
1e-05,1.2,0.2,0.6,2,0.490874,0.95328,0.03227,0.0144504,0.00589411,0.000277114
1e-05,1.2,0.2,0.6,2,0.589049,0.00545555,0.000248075,0.994296,0.973127,1.40006e-09
1e-05,1.2,0.2,0.6,1,0.589049,0.00541527,0.000248075,0.994337,0.96773,8.38554e-10
1e-05,1.2,0.2,0.6,3,0.589049,0.926965,9.20955e-10,0.0730348,0.862557,0.000215701
1e-05,1.2,0.2,0.6,1,0.687223,0.926835,9.20955e-10,0.0731651,0.824936,0.000149781
1e-05,1.2,0.2,0.6,3,0.687223,0.725135,0.000157909,0.274707,1.65046e-12,0.00188403
1e-05,1.2,0.2,0.6,2,0.687223,0.725376,0.000157909,0.274466,1.00221e-12,0.00194372
1e-05,1.2,0.2,0.6,2,0.785398,0,0.00173863,0.998261,0.165509,0.0014224
1e-05,1.2,0.2,0.6,1,0.785398,1.593e-12,0.00173863,0.998261,0.20983,0.00149151
1e-05,1.2,0.2,0.6,3,0.785398,0.151673,0.00139283,0.846934,4.88127e-10,0.559987
1e-05,1.2,0.2,0.6,1,0.883573,0.151783,0.00139283,0.846824,4.84659e-10,0.559988
1e-05,1.2,0.2,0.6,2,0.883573,4.64517e-10,0.559987,0.440013,6.41973e-89,0.56
1e-05,1.2,0.2,0.6,3,0.883573,0,0.559987,0.440013,1.04865e-89,0.56
1e-05,1.2,0.2,0.6,1,0.981748,2.82197e-89,0.56,0.44,6.79283e-77,0.56
1e-05,1.2,0.2,0.6,2,0.981748,0,0.56,0.44,5.03808e-77,0.56
1e-05,1.2,0.2,0.6,3,0.981748,3.14611e-77,0.56,0.44,4.07361e-46,0.56
1e-05,1.2,0.2,0.6,1,1.07992,0,0.56,0.44,0,0.56
1e-05,1.2,0.2,0.6,3,1.07992,0,0.56,0.44,5.64872e-81,0.56
1e-05,1.2,0.2,0.6,2,1.07992,0,0.56,0.44,4.47607e-82,0.56
1e-05,1.2,0.2,0.6,1,1.1781,1.4097e-81,0.56,0.44,2.31219e-45,0.56
1e-05,1.2,0.2,0.6,2,1.1781,0,0.56,0.44,0,0.56
1e-05,1.2,0.2,0.6,3,1.1781,0,0.56,0.44,8.76691e-71,0.56
1e-05,1.2,0.2,0.6,1,1.27627,0,0.56,0.44,0,0.56
1e-05,1.2,0.2,0.6,2,1.27627,0,0.56,0.44,0.864718,1.87184e-05
1e-05,1.2,0.2,0.6,3,1.27627,0,0.56,0.44,0.67804,1.64916e-05
1e-05,1.2,0.2,0.6,2,1.37445,0.741329,1.70142e-05,0.258654,1.69189e-35,0.558939
1e-05,1.2,0.2,0.6,1,1.37445,0.741087,1.70142e-05,0.258896,1.47185e-35,0.559012
1e-05,1.2,0.2,0.6,1,1.47262,0,0.558896,0.441104,1.56123e-73,0.56
1e-05,1.2,0.2,0.6,3,1.37445,3.05317e-35,0.558896,0.441104,4.04359e-71,0.56
1e-05,1.2,0.2,0.6,2,1.47262,2.80286e-71,0.56,0.44,2.75252e-93,0.56
1e-05,1.2,0.2,0.6,3,1.47262,0,0.56,0.44,2.42809e-93,0.56
1e-05,0.2,0.4,0.6,1,0.0981748,1.8277e-93,0.56,0.44,0,0.56
1e-05,0.2,0.4,0.6,2,0.0981748,0,0.56,0.44,0,0.56
1e-05,0.2,0.4,0.6,3,0.0981748,0,0.56,0.44,1.02206e-26,0.56
1e-05,0.2,0.4,0.6,1,0.19635,0,0.56,0.44,0,0.56
1e-05,0.2,0.4,0.6,2,0.19635,0,0.56,0.44,5.65808e-26,0.56
1e-05,0.2,0.4,0.6,3,0.19635,0,0.56,0.44,6.44566e-27,0.56
1e-05,0.2,0.4,0.6,1,0.294524,9.68857e-27,0.56,0.44,3.13242e-23,0.56
1e-05,0.2,0.4,0.6,2,0.294524,0,0.56,0.44,2.65623e-23,0.56
1e-05,0.2,0.4,0.6,3,0.294524,3.76745e-23,0.56,0.44,2.40532e-21,0.56
1e-05,0.2,0.4,0.6,1,0.392699,0,0.56,0.44,2.4541e-21,0.56
1e-05,0.2,0.4,0.6,3,0.392699,0,0.56,0.44,1.20334e-23,0.56
1e-05,0.2,0.4,0.6,2,0.392699,2.54928e-21,0.56,0.44,2.23824e-24,0.56
1e-05,0.2,0.4,0.6,1,0.490874,2.96667e-24,0.56,0.44,8.15884e-22,0.56
1e-05,0.2,0.4,0.6,2,0.490874,0,0.56,0.44,0,0.56
1e-05,0.2,0.4,0.6,3,0.490874,0,0.56,0.44,0.0474589,0.476293
1e-05,0.2,0.4,0.6,1,0.589049,0,0.56,0.44,0.0479983,0.47661
1e-05,0.2,0.4,0.6,3,0.589049,0.045427,0.473503,0.48107,2.00773e-13,0.56
1e-05,0.2,0.4,0.6,2,0.589049,0.045437,0.473503,0.48106,1.22458e-13,0.56
1e-05,0.2,0.4,0.6,2,0.687223,0,0.56,0.44,2.93256e-27,0.56
1e-05,0.2,0.4,0.6,1,0.687223,1.61853e-13,0.56,0.44,2.21815e-27,0.56
1e-05,0.2,0.4,0.6,3,0.687223,2.5799e-27,0.56,0.44,3.81147e-21,0.56
1e-05,0.2,0.4,0.6,1,0.785398,0,0.56,0.44,3.34461e-21,0.56
1e-05,0.2,0.4,0.6,2,0.785398,3.74966e-21,0.56,0.44,4.53083e-26,0.56
1e-05,0.2,0.4,0.6,3,0.785398,0,0.56,0.44,3.42732e-26,0.56
1e-05,0.2,0.4,0.6,2,0.883573,0,0.56,0.44,1.44986e-09,0.559999
1e-05,0.2,0.4,0.6,1,0.883573,3.38599e-26,0.56,0.44,1.33355e-09,0.559999
1e-05,0.2,0.4,0.6,3,0.883573,1.46962e-09,0.559999,0.440001,7.90204e-27,0.56
1e-05,0.2,0.4,0.6,1,0.981748,0,0.559999,0.440001,1.01951e-27,0.56
1e-05,0.2,0.4,0.6,2,0.981748,1.47925e-27,0.56,0.44,7.9657e-20,0.56
1e-05,0.2,0.4,0.6,3,0.981748,0,0.56,0.44,2.00465e-20,0.56
1e-05,0.2,0.4,0.6,1,1.07992,3.07392e-20,0.56,0.44,5.0626e-24,0.56
1e-05,0.2,0.4,0.6,2,1.07992,0,0.56,0.44,5.02514e-24,0.56
1e-05,0.2,0.4,0.6,3,1.07992,6.21078e-24,0.56,0.44,8.01545e-21,0.56
1e-05,0.2,0.4,0.6,1,1.1781,0,0.56,0.44,5.76285e-21,0.56
1e-05,0.2,0.4,0.6,3,1.1781,0,0.56,0.44,0,0.56
1e-05,0.2,0.4,0.6,2,1.1781,6.23878e-21,0.56,0.44,0,0.56
1e-05,0.2,0.4,0.6,1,1.27627,0,0.56,0.44,1.65259e-27,0.56
1e-05,0.2,0.4,0.6,2,1.27627,0,0.56,0.44,1.61009e-27,0.56
1e-05,0.2,0.4,0.6,3,1.27627,2.03931e-27,0.56,0.44,1.80643e-30,0.56
1e-05,0.2,0.4,0.6,1,1.37445,0,0.56,0.44,1.62416e-30,0.56
1e-05,0.2,0.4,0.6,2,1.37445,2.02525e-30,0.56,0.44,4.29866e-23,0.56
1e-05,0.2,0.4,0.6,3,1.37445,0,0.56,0.44,1.54527e-23,0.56
1e-05,0.2,0.4,0.6,1,1.47262,1.88306e-23,0.56,0.44,3.27315e-25,0.56
1e-05,0.2,0.4,0.6,2,1.47262,0,0.56,0.44,3.0708e-25,0.56
1e-05,0.4,0.4,0.6,1,0.0981748,0.0597111,0.00588103,0.934408,0.0166946,0.476194
1e-05,0.2,0.4,0.6,3,1.47262,3.10757e-25,0.56,0.44,0.0060211,0.509548
1e-05,0.4,0.4,0.6,2,0.0981748,0.0070035,0.504891,0.488106,2.62049e-10,0.56
1e-05,0.4,0.4,0.6,3,0.0981748,0.00700165,0.504891,0.488108,0,0.56
1e-05,0.4,0.4,0.6,1,0.19635,0,0.56,0.44,3.22782e-18,0.56
1e-05,0.4,0.4,0.6,2,0.19635,0,0.56,0.44,0,0.56
1e-05,0.4,0.4,0.6,3,0.19635,1.1467e-18,0.56,0.44,3.28055e-16,0.56
1e-05,0.4,0.4,0.6,1,0.294524,0,0.56,0.44,3.68011e-16,0.56
1e-05,0.4,0.4,0.6,3,0.294524,0,0.56,0.44,0.453756,0.011683
1e-05,0.4,0.4,0.6,2,0.294524,2.77732e-16,0.56,0.44,0.509326,0.0116382
1e-05,0.4,0.4,0.6,2,0.392699,0.493843,0.0117007,0.494456,6.00199e-12,0.56
1e-05,0.4,0.4,0.6,1,0.392699,0.493305,0.0117007,0.494994,0,0.56
1e-05,0.4,0.4,0.6,1,0.490874,0,0.56,0.44,4.01632e-23,0.56
1e-05,0.4,0.4,0.6,3,0.392699,0,0.56,0.44,3.05819e-24,0.56
1e-05,0.4,0.4,0.6,2,0.490874,6.85098e-24,0.56,0.44,1.97218e-36,0.56
1e-05,0.4,0.4,0.6,3,0.490874,0,0.56,0.44,0,0.56
1e-05,0.4,0.4,0.6,1,0.589049,2.72404e-38,0.56,0.44,0,0.56
1e-05,0.4,0.4,0.6,2,0.589049,0,0.56,0.44,0,0.56
1e-05,0.4,0.4,0.6,3,0.589049,0,0.56,0.44,1.71996e-27,0.56
1e-05,0.4,0.4,0.6,1,0.687223,0,0.56,0.44,9.71123e-28,0.56
1e-05,0.4,0.4,0.6,3,0.687223,0,0.56,0.44,1.12872e-33,0.56
1e-05,0.4,0.4,0.6,2,0.687223,1.19522e-27,0.56,0.44,2.97637e-34,0.56
1e-05,0.4,0.4,0.6,1,0.785398,4.64186e-34,0.56,0.44,1.61857e-62,0.56
1e-05,0.4,0.4,0.6,2,0.785398,0,0.56,0.44,1.46283e-62,0.56
1e-05,0.4,0.4,0.6,3,0.785398,1.62593e-62,0.56,0.44,1.93737e-29,0.56
1e-05,0.4,0.4,0.6,1,0.883573,0,0.56,0.44,1.62697e-29,0.56
1e-05,0.4,0.4,0.6,3,0.883573,0,0.56,0.44,6.08018e-20,0.56
1e-05,0.4,0.4,0.6,2,0.883573,1.81795e-29,0.56,0.44,4.90516e-20,0.56
1e-05,0.4,0.4,0.6,1,0.981748,6.43997e-20,0.56,0.44,8.21271e-34,0.56
1e-05,0.4,0.4,0.6,2,0.981748,0,0.56,0.44,6.67621e-34,0.56
1e-05,0.4,0.4,0.6,1,1.07992,0,0.56,0.44,9.27421e-16,0.56
1e-05,0.4,0.4,0.6,3,0.981748,8.8846e-34,0.56,0.44,7.89883e-16,0.56
1e-05,0.4,0.4,0.6,3,1.07992,0,0.56,0.44,5.25122e-43,0.56
1e-05,0.4,0.4,0.6,2,1.07992,9.05749e-16,0.56,0.44,5.16282e-43,0.56
1e-05,0.4,0.4,0.6,1,1.1781,4.7499e-43,0.56,0.44,3.005e-19,0.56
1e-05,0.4,0.4,0.6,2,1.1781,0,0.56,0.44,0,0.56
1e-05,0.4,0.4,0.6,3,1.1781,0,0.56,0.44,8.65773e-46,0.56
1e-05,0.4,0.4,0.6,1,1.27627,0,0.56,0.44,5.23198e-46,0.56
1e-05,0.4,0.4,0.6,2,1.27627,8.11229e-46,0.56,0.44,9.63238e-21,0.56
1e-05,0.4,0.4,0.6,3,1.27627,0,0.56,0.44,6.64076e-21,0.56
1e-05,0.4,0.4,0.6,1,1.37445,6.5655e-21,0.56,0.44,7.5131e-48,0.56
1e-05,0.4,0.4,0.6,2,1.37445,0,0.56,0.44,3.5954e-48,0.56
1e-05,0.4,0.4,0.6,3,1.37445,5.91595e-48,0.56,0.44,1.03782e-11,0.56
1e-05,0.4,0.4,0.6,1,1.47262,0,0.56,0.44,8.06172e-12,0.56
1e-05,0.4,0.4,0.6,2,1.47262,1.07765e-11,0.56,0.44,1.14946e-30,0.56
1e-05,0.4,0.4,0.6,3,1.47262,0,0.56,0.44,1.06365e-30,0.56
1e-05,0.6,0.4,0.6,1,0.0981748,1.09906e-30,0.56,0.44,8.6472e-68,0.56
1e-05,0.6,0.4,0.6,2,0.0981748,0,0.56,0.44,6.67756e-68,0.56
1e-05,0.6,0.4,0.6,3,0.0981748,9.15103e-68,0.56,0.44,2.54162e-22,0.56
1e-05,0.6,0.4,0.6,1,0.19635,0,0.56,0.44,4.53076e-23,0.56
1e-05,0.6,0.4,0.6,2,0.19635,1.05733e-22,0.56,0.44,1.12766e-80,0.56
1e-05,0.6,0.4,0.6,3,0.19635,0,0.56,0.44,3.54601e-82,0.56
1e-05,0.6,0.4,0.6,2,0.294524,0,0.56,0.44,0.659878,0.00413472
1e-05,0.6,0.4,0.6,1,0.294524,1.32339e-81,0.56,0.44,0.402199,0.00424364
1e-05,0.6,0.4,0.6,3,0.294524,0.393735,0.00414687,0.602118,2.11638e-10,0.559971
1e-05,0.6,0.4,0.6,1,0.392699,0.392874,0.00414687,0.602979,3.24026e-10,0.559974
1e-05,0.6,0.4,0.6,2,0.392699,2.3552e-10,0.559971,0.440029,2.03582e-55,0.56
1e-05,0.6,0.4,0.6,3,0.392699,0,0.559971,0.440029,8.68697e-56,0.56
1e-05,0.6,0.4,0.6,1,0.490874,1.88982e-55,0.56,0.44,3.7027e-80,0.56
1e-05,0.6,0.4,0.6,2,0.490874,0,0.56,0.44,0,0.56
1e-05,0.6,0.4,0.6,1,0.589049,0,0.56,0.44,2.42606e-58,0.56
1e-05,0.6,0.4,0.6,3,0.490874,0,0.56,0.44,3.13252e-58,0.56
1e-05,0.6,0.4,0.6,2,0.589049,3.30813e-58,0.56,0.44,9.29726e-29,0.559792
1e-05,0.6,0.4,0.6,3,0.589049,0,0.56,0.44,5.99212e-29,0.559917
1e-05,0.6,0.4,0.6,2,0.687223,0,0.559907,0.440093,1.06152e-59,0.559998
1e-05,0.6,0.4,0.6,1,0.687223,8.83417e-29,0.559907,0.440093,8.88337e-60,0.559998
1e-05,0.6,0.4,0.6,3,0.687223,1.58311e-59,0.559998,0.440002,3.65571e-55,0.56
1e-05,0.6,0.4,0.6,1,0.785398,0,0.559998,0.440002,3.22412e-55,0.56
1e-05,0.6,0.4,0.6,3,0.785398,0,0.56,0.44,0,0.56
1e-05,0.6,0.4,0.6,2,0.785398,7.15641e-55,0.56,0.44,0,0.56
1e-05,0.6,0.4,0.6,1,0.883573,0,0.56,0.44,9.69196e-30,0.56
1e-05,0.6,0.4,0.6,2,0.883573,0,0.56,0.44,0,0.56
1e-05,0.6,0.4,0.6,3,0.883573,0,0.56,0.44,2.16825e-48,0.56
1e-05,0.6,0.4,0.6,1,0.981748,0,0.56,0.44,1.08481e-48,0.56
1e-05,0.6,0.4,0.6,2,0.981748,1.52609e-48,0.56,0.44,1.06982e-44,0.56
1e-05,0.6,0.4,0.6,3,0.981748,0,0.56,0.44,0,0.56
1e-05,0.6,0.4,0.6,1,1.07992,0,0.56,0.44,1.3014e-65,0.56
1e-05,0.6,0.4,0.6,2,1.07992,0,0.56,0.44,2.10966e-65,0.56
1e-05,0.6,0.4,0.6,1,1.1781,0,0.56,0.44,2.2064e-77,0.56
1e-05,0.6,0.4,0.6,3,1.07992,2.14323e-65,0.56,0.44,2.46411e-77,0.56
1e-05,0.6,0.4,0.6,2,1.1781,0,0.56,0.44,0,0.56
1e-05,0.6,0.4,0.6,3,1.1781,0,0.56,0.44,0,0.56
1e-05,0.6,0.4,0.6,2,1.27627,0,0.56,0.44,1.39002e-106,0.56
1e-05,0.6,0.4,0.6,1,1.27627,0,0.56,0.44,8.84962e-107,0.56
1e-05,0.6,0.4,0.6,3,1.27627,1.71547e-106,0.56,0.44,0,0.56
1e-05,0.6,0.4,0.6,1,1.37445,0,0.56,0.44,0,0.56
1e-05,0.6,0.4,0.6,2,1.37445,0,0.56,0.44,1.39738e-105,0.56
1e-05,0.6,0.4,0.6,3,1.37445,0,0.56,0.44,1.08786e-105,0.56
1e-05,0.6,0.4,0.6,2,1.47262,0,0.56,0.44,7.88217e-57,0.56
1e-05,0.6,0.4,0.6,1,1.47262,7.84983e-106,0.56,0.44,0,0.56
1e-05,0.6,0.4,0.6,3,1.47262,0,0.56,0.44,0.663591,0.00253852
1e-05,0.8,0.4,0.6,1,0.0981748,0.0597111,0.00588103,0.934408,0.726466,0.00204444
1e-05,0.8,0.4,0.6,2,0.0981748,0.691294,0.00212894,0.306577,1.69362e-50,0.559988
1e-05,0.8,0.4,0.6,3,0.0981748,0.690019,0.00212894,0.307852,6.07812e-50,0.559992
1e-05,0.8,0.4,0.6,1,0.19635,5.11442e-50,0.559991,0.440009,4.70221e-79,0.56
1e-05,0.8,0.4,0.6,2,0.19635,0,0.559991,0.440009,6.56113e-79,0.56
1e-05,0.8,0.4,0.6,1,0.294524,0,0.56,0.44,1.04565e-79,0.56
1e-05,0.8,0.4,0.6,3,0.19635,4.34759e-79,0.56,0.44,2.77815e-80,0.56
1e-05,0.8,0.4,0.6,2,0.294524,7.03213e-80,0.56,0.44,1.8317e-51,0.56
1e-05,0.8,0.4,0.6,3,0.294524,0,0.56,0.44,1.3538e-51,0.56
1e-05,0.8,0.4,0.6,1,0.392699,1.79716e-51,0.56,0.44,0,0.56
1e-05,0.8,0.4,0.6,2,0.392699,0,0.56,0.44,0,0.56
1e-05,0.8,0.4,0.6,3,0.392699,0,0.56,0.44,3.38274e-131,0.56
1e-05,0.8,0.4,0.6,1,0.490874,0,0.56,0.44,2.73968e-131,0.56
1e-05,0.8,0.4,0.6,2,0.490874,3.52714e-131,0.56,0.44,2.04108e-135,0.56
1e-05,0.8,0.4,0.6,3,0.490874,0,0.56,0.44,4.47003e-135,0.56
1e-05,0.8,0.4,0.6,2,0.589049,0,0.56,0.44,0,0.56
1e-05,0.8,0.4,0.6,1,0.589049,2.32354e-135,0.56,0.44,0,0.56
1e-05,0.8,0.4,0.6,1,0.687223,0,0.56,0.44,0,0.56
1e-05,0.8,0.4,0.6,3,0.589049,0,0.56,0.44,0,0.56
1e-05,0.8,0.4,0.6,2,0.687223,0,0.56,0.44,1.26611e-36,0.56
1e-05,0.8,0.4,0.6,3,0.687223,0,0.56,0.44,9.50728e-37,0.56
1e-05,0.8,0.4,0.6,2,0.785398,0,0.56,0.44,1.45624e-72,0.56
1e-05,0.8,0.4,0.6,1,0.785398,3.97601e-36,0.56,0.44,1.98155e-72,0.56
1e-05,0.8,0.4,0.6,1,0.883573,0,0.56,0.44,7.33545e-34,0.559986
1e-05,0.8,0.4,0.6,3,0.785398,1.6631e-72,0.56,0.44,1.1615e-33,0.559988
1e-05,0.8,0.4,0.6,2,0.883573,7.8334e-34,0.559986,0.440014,0,0.56
1e-05,0.8,0.4,0.6,3,0.883573,0,0.559986,0.440014,1.57071e-103,0.56
1e-05,0.8,0.4,0.6,1,0.981748,7.87563e-104,0.56,0.44,1.91426e-44,0.56
1e-05,0.8,0.4,0.6,2,0.981748,0,0.56,0.44,0,0.56
1e-05,0.8,0.4,0.6,3,0.981748,2.10526e-45,0.56,0.44,2.68956e-110,0.56
1e-05,0.8,0.4,0.6,1,1.07992,0,0.56,0.44,2.42373e-110,0.56
1e-05,0.8,0.4,0.6,2,1.07992,3.67469e-110,0.56,0.44,8.64602e-54,0.56
1e-05,0.8,0.4,0.6,3,1.07992,0,0.56,0.44,6.85181e-54,0.56
1e-05,0.8,0.4,0.6,1,1.1781,9.93979e-54,0.56,0.44,3.79647e-53,0.56
1e-05,0.8,0.4,0.6,2,1.1781,0,0.56,0.44,3.8755e-53,0.56
1e-05,0.8,0.4,0.6,3,1.1781,3.87038e-53,0.56,0.44,5.42206e-104,0.56
1e-05,0.8,0.4,0.6,1,1.27627,0,0.56,0.44,0,0.56
1e-05,0.8,0.4,0.6,3,1.27627,0,0.56,0.44,2.53777e-106,0.56
1e-05,0.8,0.4,0.6,2,1.27627,0,0.56,0.44,1.26516e-106,0.56
1e-05,0.8,0.4,0.6,2,1.37445,0,0.56,0.44,0,0.56
1e-05,0.8,0.4,0.6,1,1.37445,3.21626e-106,0.56,0.44,0,0.56
1e-05,0.8,0.4,0.6,3,1.37445,0,0.56,0.44,5.8352e-54,0.56
1e-05,0.8,0.4,0.6,1,1.47262,0,0.56,0.44,7.86646e-54,0.56
1e-05,0.8,0.4,0.6,3,1.47262,0,0.56,0.44,0.635022,0.000103754
1e-05,0.8,0.4,0.6,2,1.47262,4.69038e-54,0.56,0.44,0.610725,0.000104342
1e-05,1,0.4,0.6,1,0.0981748,0.526072,0.000104849,0.473823,9.36443e-78,0.56
1e-05,1,0.4,0.6,2,0.0981748,0.525869,0.000104849,0.474026,0,0.56
1e-05,1,0.4,0.6,1,0.19635,0,0.56,0.44,0,0.559999
1e-05,1,0.4,0.6,3,0.0981748,0,0.56,0.44,0,0.559999
1e-05,1,0.4,0.6,3,0.19635,0,0.559999,0.440001,0,0.55999
1e-05,1,0.4,0.6,2,0.19635,0,0.559999,0.440001,0,0.559996
1e-05,1,0.4,0.6,2,0.294524,0,0.559996,0.440004,0,0.56
1e-05,1,0.4,0.6,1,0.294524,0,0.559996,0.440004,0,0.56
1e-05,1,0.4,0.6,1,0.392699,0,0.56,0.44,6.08212e-108,0.56
1e-05,1,0.4,0.6,3,0.294524,0,0.56,0.44,2.65368e-107,0.56
1e-05,1,0.4,0.6,3,0.392699,0,0.56,0.44,3.38826e-63,0.56
1e-05,1,0.4,0.6,2,0.392699,7.18865e-108,0.56,0.44,0,0.56
1e-05,1,0.4,0.6,2,0.490874,0,0.56,0.44,1.07325e-71,0.559929
1e-05,1,0.4,0.6,1,0.490874,1.97835e-63,0.56,0.44,1.36292e-71,0.559933
1e-05,1,0.4,0.6,3,0.490874,2.20876e-71,0.559926,0.440074,8.81323e-95,0.56
1e-05,1,0.4,0.6,1,0.589049,0,0.559926,0.440074,0,0.56
1e-05,1,0.4,0.6,3,0.589049,0,0.56,0.44,3.26879e-90,0.56
1e-05,1,0.4,0.6,2,0.589049,3.85882e-97,0.56,0.44,0,0.56
1e-05,1,0.4,0.6,1,0.687223,1.41181e-91,0.56,0.44,2.82581e-103,0.56
1e-05,1,0.4,0.6,2,0.687223,0,0.56,0.44,9.34033e-103,0.56
1e-05,1,0.4,0.6,3,0.687223,6.98831e-103,0.56,0.44,2.71296e-90,0.56
1e-05,1,0.4,0.6,1,0.785398,0,0.56,0.44,1.14103e-90,0.56
1e-05,1,0.4,0.6,2,0.785398,1.58162e-90,0.56,0.44,0.213225,0.00227829
1e-05,1,0.4,0.6,3,0.785398,0,0.56,0.44,0.72954,0.00166444
1e-05,1,0.4,0.6,2,0.883573,0.690889,0.00173118,0.30738,1.88452e-24,0.559997
1e-05,1,0.4,0.6,1,0.883573,0.691116,0.00173118,0.307153,1.37927e-24,0.559997
1e-05,1,0.4,0.6,3,0.883573,1.94994e-24,0.559997,0.440003,1.28185e-150,0.56
1e-05,1,0.4,0.6,1,0.981748,0,0.559997,0.440003,3.61194e-151,0.56
1e-05,1,0.4,0.6,2,0.981748,4.98351e-151,0.56,0.44,0,0.56
1e-05,1,0.4,0.6,3,0.981748,0,0.56,0.44,0,0.56
1e-05,1,0.4,0.6,2,1.07992,0,0.56,0.44,4.14767e-59,0.559942
1e-05,1,0.4,0.6,1,1.07992,0,0.56,0.44,0,0.559968
1e-05,1,0.4,0.6,3,1.07992,0,0.559964,0.440036,6.05223e-97,0.56
1e-05,1,0.4,0.6,1,1.1781,0,0.559964,0.440036,2.08972e-96,0.56
1e-05,1,0.4,0.6,3,1.1781,0,0.56,0.44,2.73868e-73,0.56
1e-05,1,0.4,0.6,2,1.1781,1.46711e-96,0.56,0.44,0,0.56
1e-05,1,0.4,0.6,2,1.27627,0,0.56,0.44,1.13079e-101,0.56
1e-05,1,0.4,0.6,1,1.27627,0,0.56,0.44,1.97564e-102,0.56
1e-05,1,0.4,0.6,1,1.37445,0,0.56,0.44,2.74494e-85,0.56
1e-05,1,0.4,0.6,3,1.27627,1.01608e-101,0.56,0.44,5.21482e-85,0.56
1e-05,1,0.4,0.6,2,1.37445,1.09302e-84,0.56,0.44,0,0.56
1e-05,1,0.4,0.6,3,1.37445,0,0.56,0.44,0,0.56
1e-05,1,0.4,0.6,1,1.47262,0,0.56,0.44,1.0726e-93,0.56
1e-05,1,0.4,0.6,2,1.47262,0,0.56,0.44,2.75672e-92,0.56
1e-05,1,0.4,0.6,3,1.47262,0,0.56,0.44,9.8571e-88,0.56
1e-05,1.2,0.4,0.6,1,0.0981748,0.0597111,0.00588103,0.934408,0,0.56
1e-05,1.2,0.4,0.6,2,0.0981748,0,0.56,0.44,0,0.56
1e-05,1.2,0.4,0.6,3,0.0981748,0,0.56,0.44,0,0.56
1e-05,1.2,0.4,0.6,1,0.19635,0,0.56,0.44,0,0.56
1e-05,1.2,0.4,0.6,2,0.19635,0,0.56,0.44,0,0.56
1e-05,1.2,0.4,0.6,1,0.294524,0,0.56,0.44,1.29389e-112,0.56
1e-05,1.2,0.4,0.6,3,0.19635,0,0.56,0.44,0,0.56
1e-05,1.2,0.4,0.6,3,0.294524,0,0.56,0.44,0,0.56
1e-05,1.2,0.4,0.6,2,0.294524,0,0.56,0.44,0,0.56
1e-05,1.2,0.4,0.6,2,0.392699,0,0.56,0.44,4.73067e-82,0.56
1e-05,1.2,0.4,0.6,1,0.392699,0,0.56,0.44,3.02767e-81,0.56
1e-05,1.2,0.4,0.6,3,0.392699,1.49674e-81,0.56,0.44,0,0.56
1e-05,1.2,0.4,0.6,1,0.490874,0,0.56,0.44,0,0.56
1e-05,1.2,0.4,0.6,2,0.490874,0,0.56,0.44,1.90584e-113,0.56
1e-05,1.2,0.4,0.6,3,0.490874,0,0.56,0.44,0,0.56
1e-05,1.2,0.4,0.6,2,0.589049,0,0.56,0.44,3.71891e-124,0.56
1e-05,1.2,0.4,0.6,1,0.589049,0,0.56,0.44,3.11442e-123,0.56
1e-05,1.2,0.4,0.6,1,0.687223,0,0.56,0.44,0,0.56
1e-05,1.2,0.4,0.6,3,0.589049,7.0358e-123,0.56,0.44,1.04236e-106,0.56
1e-05,1.2,0.4,0.6,3,0.687223,0,0.56,0.44,0,0.56
1e-05,1.2,0.4,0.6,2,0.687223,5.23445e-107,0.56,0.44,0,0.56
1e-05,1.2,0.4,0.6,2,0.785398,0,0.56,0.44,0,0.56
1e-05,1.2,0.4,0.6,1,0.785398,0,0.56,0.44,0,0.56
1e-05,1.2,0.4,0.6,3,0.785398,0,0.56,0.44,8.84832e-107,0.56
1e-05,1.2,0.4,0.6,1,0.883573,0,0.56,0.44,1.09358e-106,0.56
1e-05,1.2,0.4,0.6,3,0.883573,0,0.56,0.44,0,0.56
1e-05,1.2,0.4,0.6,2,0.883573,1.08069e-106,0.56,0.44,4.93718e-171,0.56
1e-05,1.2,0.4,0.6,1,0.981748,7.51005e-171,0.56,0.44,9.7857e-152,0.56
1e-05,1.2,0.4,0.6,2,0.981748,0,0.56,0.44,3.53748e-151,0.56
1e-05,1.2,0.4,0.6,3,0.981748,0,0.56,0.44,0,0.56
1e-05,1.2,0.4,0.6,1,1.07992,0,0.56,0.44,0,0.56
1e-05,1.2,0.4,0.6,3,1.07992,0,0.56,0.44,0,0.56
1e-05,1.2,0.4,0.6,2,1.07992,0,0.56,0.44,0,0.56
1e-05,1.2,0.4,0.6,2,1.1781,0,0.56,0.44,2.3346e-111,0.56
1e-05,1.2,0.4,0.6,1,1.1781,0,0.56,0.44,1.71344e-111,0.56
1e-05,1.2,0.4,0.6,1,1.27627,0,0.56,0.44,7.66121e-120,0.56
1e-05,1.2,0.4,0.6,3,1.1781,2.75262e-111,0.56,0.44,0,0.56
1e-05,1.2,0.4,0.6,3,1.27627,0,0.56,0.44,1.75048e-142,0.56
1e-05,1.2,0.4,0.6,2,1.27627,0,0.56,0.44,3.36735e-142,0.56
1e-05,1.2,0.4,0.6,2,1.37445,0,0.56,0.44,0,0.56
1e-05,1.2,0.4,0.6,1,1.37445,1.37164e-142,0.56,0.44,0,0.56
1e-05,1.2,0.4,0.6,1,1.47262,0,0.56,0.44,1.48747e-161,0.56
1e-05,1.2,0.4,0.6,3,1.37445,0,0.56,0.44,6.21557e-162,0.56
1e-05,1.2,0.4,0.6,2,1.47262,2.01941e-161,0.56,0.44,3.11053e-118,0.56
1e-05,1.2,0.4,0.6,3,1.47262,0,0.56,0.44,4.21368e-118,0.56
1e-05,0.2,0.6,0.6,1,0.0981748,2.8838e-118,0.56,0.44,0,0.56
1e-05,0.2,0.6,0.6,2,0.0981748,0,0.56,0.44,1.63381e-131,0.56
1e-05,0.2,0.6,0.6,3,0.0981748,1.76818e-131,0.56,0.44,2.73088e-116,0.56
1e-05,0.2,0.6,0.6,1,0.19635,0,0.56,0.44,0,0.56
1e-05,0.2,0.6,0.6,2,0.19635,0,0.56,0.44,2.59466e-107,0.56
1e-05,0.2,0.6,0.6,3,0.19635,0,0.56,0.44,0,0.56
1e-05,0.2,0.6,0.6,1,0.294524,0,0.56,0.44,3.80328e-63,0.56
1e-05,0.2,0.6,0.6,2,0.294524,0,0.56,0.44,0,0.56
1e-05,0.2,0.6,0.6,3,0.294524,0,0.56,0.44,2.27876e-89,0.56
1e-05,0.2,0.6,0.6,1,0.392699,0,0.56,0.44,0,0.56
1e-05,0.2,0.6,0.6,2,0.392699,0,0.56,0.44,1.85483e-135,0.56
1e-05,0.2,0.6,0.6,3,0.392699,0,0.56,0.44,0,0.56
1e-05,0.2,0.6,0.6,1,0.490874,0,0.56,0.44,0,0.56
1e-05,0.2,0.6,0.6,2,0.490874,0,0.56,0.44,0,0.56
1e-05,0.2,0.6,0.6,3,0.490874,0,0.56,0.44,-6.50982e-116,0.56
1e-05,0.2,0.6,0.6,1,0.589049,0,0.56,0.44,2.17734e-118,0.56
1e-05,0.2,0.6,0.6,2,0.589049,0,0.56,0.44,0,0.56
1e-05,0.2,0.6,0.6,3,0.589049,0,0.56,0.44,0,0.56
1e-05,0.2,0.6,0.6,2,0.687223,0,0.56,0.44,2.07597e-123,0.56
1e-05,0.2,0.6,0.6,1,0.687223,0,0.56,0.44,0,0.56
1e-05,0.2,0.6,0.6,3,0.687223,0,0.56,0.44,4.53656e-132,0.56
1e-05,0.2,0.6,0.6,1,0.785398,0,0.56,0.44,2.58125e-132,0.56
1e-05,0.2,0.6,0.6,2,0.785398,3.72916e-132,0.56,0.44,2.11137e-125,0.56
1e-05,0.2,0.6,0.6,3,0.785398,0,0.56,0.44,0,0.56
1e-05,0.2,0.6,0.6,1,0.883573,0,0.56,0.44,1.33657e-105,0.56
1e-05,0.2,0.6,0.6,2,0.883573,0,0.56,0.44,0,0.56
1e-05,0.2,0.6,0.6,3,0.883573,0,0.56,0.44,3.53655e-139,0.56
1e-05,0.2,0.6,0.6,1,0.981748,0,0.56,0.44,3.25292e-139,0.56
1e-05,0.2,0.6,0.6,2,0.981748,2.13397e-139,0.56,0.44,0,0.56
1e-05,0.2,0.6,0.6,3,0.981748,0,0.56,0.44,0,0.56
1e-05,0.2,0.6,0.6,1,1.07992,0,0.56,0.44,0,0.56
1e-05,0.2,0.6,0.6,2,1.07992,0,0.56,0.44,1.28336e-120,0.56
1e-05,0.2,0.6,0.6,1,1.1781,0,0.56,0.44,0,0.56
1e-05,0.2,0.6,0.6,3,1.07992,1.00604e-120,0.56,0.44,0,0.56
1e-05,0.2,0.6,0.6,2,1.1781,0,0.56,0.44,8.0094e-124,0.56
1e-05,0.2,0.6,0.6,3,1.1781,0,0.56,0.44,0,0.56
1e-05,0.2,0.6,0.6,2,1.27627,0,0.56,0.44,2.83964e-82,0.56
1e-05,0.2,0.6,0.6,1,1.27627,0,0.56,0.44,2.04813e-82,0.56
1e-05,0.2,0.6,0.6,3,1.27627,2.85947e-82,0.56,0.44,5.44691e-76,0.56
1e-05,0.2,0.6,0.6,1,1.37445,0,0.56,0.44,5.46864e-76,0.56
1e-05,0.2,0.6,0.6,2,1.37445,3.43363e-76,0.56,0.44,3.10573e-72,0.56
1e-05,0.2,0.6,0.6,3,1.37445,0,0.56,0.44,0,0.56
1e-05,0.2,0.6,0.6,2,1.47262,0,0.56,0.44,1.97101e-101,0.56
1e-05,0.2,0.6,0.6,1,1.47262,0,0.56,0.44,4.54295e-102,0.56
1e-05,0.2,0.6,0.6,3,1.47262,1.07649e-101,0.56,0.44,3.22064e-73,0.56
1e-05,0.4,0.6,0.6,1,0.0981748,0.0597111,0.00588103,0.934408,2.99817e-73,0.56
1e-05,0.4,0.6,0.6,2,0.0981748,4.27549e-73,0.56,0.44,0,0.56
1e-05,0.4,0.6,0.6,3,0.0981748,0,0.56,0.44,0,0.56
1e-05,0.4,0.6,0.6,2,0.19635,0,0.56,0.44,4.49145e-149,0.56
1e-05,0.4,0.6,0.6,1,0.19635,0,0.56,0.44,0,0.56
1e-05,0.4,0.6,0.6,1,0.294524,0,0.56,0.44,2.91805e-132,0.56
1e-05,0.4,0.6,0.6,3,0.19635,7.39128e-150,0.56,0.44,1.65722e-132,0.56
1e-05,0.4,0.6,0.6,3,0.294524,0,0.56,0.44,5.76684e-135,0.56
1e-05,0.4,0.6,0.6,2,0.294524,2.65663e-132,0.56,0.44,0,0.56
1e-05,0.4,0.6,0.6,1,0.392699,7.4875e-136,0.56,0.44,0,0.56
1e-05,0.4,0.6,0.6,2,0.392699,0,0.56,0.44,0,0.56
1e-05,0.4,0.6,0.6,3,0.392699,0,0.56,0.44,1.46602e-81,0.56
1e-05,0.4,0.6,0.6,1,0.490874,0,0.56,0.44,0,0.56
1e-05,0.4,0.6,0.6,2,0.490874,0,0.56,0.44,1.56963e-107,0.56
1e-05,0.4,0.6,0.6,3,0.490874,0,0.56,0.44,1.18265e-107,0.56
1e-05,0.4,0.6,0.6,2,0.589049,0,0.56,0.44,0,0.56
1e-05,0.4,0.6,0.6,1,0.589049,1.90394e-107,0.56,0.44,0,0.56
1e-05,0.4,0.6,0.6,3,0.589049,0,0.56,0.44,3.2964e-153,0.56
1e-05,0.4,0.6,0.6,1,0.687223,0,0.56,0.44,0,0.56
1e-05,0.4,0.6,0.6,2,0.687223,0,0.56,0.44,6.58278e-131,0.56
1e-05,0.4,0.6,0.6,3,0.687223,0,0.56,0.44,0,0.56
1e-05,0.4,0.6,0.6,2,0.785398,0,0.56,0.44,6.83351e-81,0.56
1e-05,0.4,0.6,0.6,1,0.785398,0,0.56,0.44,6.88742e-81,0.56
1e-05,0.4,0.6,0.6,3,0.785398,7.138e-81,0.56,0.44,1.82764e-113,0.56
1e-05,0.4,0.6,0.6,1,0.883573,0,0.56,0.44,0,0.56
1e-05,0.4,0.6,0.6,3,0.883573,0,0.56,0.44,0,0.56
1e-05,0.4,0.6,0.6,2,0.883573,0,0.56,0.44,0,0.56
1e-05,0.4,0.6,0.6,2,0.981748,0,0.56,0.44,1.41047e-74,0.56
1e-05,0.4,0.6,0.6,1,0.981748,0,0.56,0.44,1.15296e-74,0.56
1e-05,0.4,0.6,0.6,3,0.981748,2.17617e-74,0.56,0.44,1.03791e-134,0.56
1e-05,0.4,0.6,0.6,1,1.07992,0,0.56,0.44,0,0.56
1e-05,0.4,0.6,0.6,3,1.07992,0,0.56,0.44,3.65047e-142,0.56
1e-05,0.4,0.6,0.6,2,1.07992,0,0.56,0.44,3.22054e-142,0.56
1e-05,0.4,0.6,0.6,1,1.1781,2.76011e-142,0.56,0.44,8.25612e-154,0.56
1e-05,0.4,0.6,0.6,2,1.1781,0,0.56,0.44,0,0.56
1e-05,0.4,0.6,0.6,3,1.1781,0,0.56,0.44,3.48051e-152,0.56
1e-05,0.4,0.6,0.6,1,1.27627,0,0.56,0.44,1.84669e-153,0.56
1e-05,0.4,0.6,0.6,2,1.27627,1.2008e-152,0.56,0.44,0,0.56
1e-05,0.4,0.6,0.6,3,1.27627,0,0.56,0.44,0,0.56
1e-05,0.4,0.6,0.6,1,1.37445,0,0.56,0.44,0,0.56
1e-05,0.4,0.6,0.6,2,1.37445,0,0.56,0.44,7.34038e-169,0.56
1e-05,0.4,0.6,0.6,1,1.47262,0,0.56,0.44,1.897e-77,0.56
1e-05,0.4,0.6,0.6,3,1.37445,1.10226e-168,0.56,0.44,0,0.56
1e-05,0.4,0.6,0.6,3,1.47262,0,0.56,0.44,0,0.56
1e-05,0.4,0.6,0.6,2,1.47262,0,0.56,0.44,0,0.56
1e-05,0.6,0.6,0.6,2,0.0981748,0,0.56,0.44,0,0.56
1e-05,0.6,0.6,0.6,1,0.0981748,0,0.56,0.44,0,0.56
1e-05,0.6,0.6,0.6,3,0.0981748,0,0.56,0.44,0,0.559999
1e-05,0.6,0.6,0.6,1,0.19635,0,0.56,0.44,1.08718e-72,0.56
1e-05,0.6,0.6,0.6,2,0.19635,2.27394e-72,0.559999,0.440001,0,0.56
1e-05,0.6,0.6,0.6,3,0.19635,0,0.559999,0.440001,2.31907e-97,0.56
1e-05,0.6,0.6,0.6,1,0.294524,0,0.56,0.44,5.77908e-131,0.56
1e-05,0.6,0.6,0.6,2,0.294524,0,0.56,0.44,0,0.56
1e-05,0.6,0.6,0.6,3,0.294524,0,0.56,0.44,1.30304e-121,0.56
1e-05,0.6,0.6,0.6,1,0.392699,0,0.56,0.44,0,0.56
1e-05,0.6,0.6,0.6,3,0.392699,0,0.56,0.44,0,0.56
1e-05,0.6,0.6,0.6,2,0.392699,0,0.56,0.44,0,0.56
1e-05,0.6,0.6,0.6,1,0.490874,0,0.56,0.44,5.61204e-86,0.56
1e-05,0.6,0.6,0.6,2,0.490874,0,0.56,0.44,2.08178e-85,0.56
1e-05,0.6,0.6,0.6,1,0.589049,0,0.56,0.44,0,0.56
1e-05,0.6,0.6,0.6,3,0.490874,5.90594e-86,0.56,0.44,0,0.56
1e-05,0.6,0.6,0.6,3,0.589049,0,0.56,0.44,0,0.56
1e-05,0.6,0.6,0.6,2,0.589049,0,0.56,0.44,0,0.56
1e-05,0.6,0.6,0.6,2,0.687223,0.0463806,0.0380636,0.915556,2.91106e-95,0.56
1e-05,0.6,0.6,0.6,1,0.687223,0,0.56,0.44,0,0.56
1e-05,0.6,0.6,0.6,3,0.687223,0,0.56,0.44,9.96924e-123,0.56
1e-05,0.6,0.6,0.6,1,0.785398,0,0.56,0.44,0,0.56
1e-05,0.6,0.6,0.6,2,0.785398,4.20534e-122,0.56,0.44,1.32674e-117,0.56
1e-05,0.6,0.6,0.6,3,0.785398,0,0.56,0.44,0,0.56
1e-05,0.6,0.6,0.6,1,0.883573,0,0.56,0.44,9.37382e-130,0.56
1e-05,0.6,0.6,0.6,2,0.883573,0,0.56,0.44,7.75426e-130,0.56
1e-05,0.6,0.6,0.6,3,0.883573,1.0092e-129,0.56,0.44,0,0.56
1e-05,0.6,0.6,0.6,1,0.981748,0,0.56,0.44,5.32471e-146,0.56
1e-05,0.6,0.6,0.6,3,0.981748,0,0.56,0.44,0,0.56
1e-05,0.6,0.6,0.6,2,0.981748,9.37792e-146,0.56,0.44,2.24007e-141,0.56
1e-05,0.6,0.6,0.6,1,1.07992,2.22893e-141,0.56,0.44,2.48003e-122,0.56
1e-05,0.6,0.6,0.6,2,1.07992,0,0.56,0.44,0,0.56
1e-05,0.6,0.6,0.6,1,1.1781,0,0.56,0.44,1.38845e-105,0.56
1e-05,0.6,0.6,0.6,3,1.07992,0,0.56,0.44,1.19144e-105,0.56
1e-05,0.6,0.6,0.6,2,1.1781,1.30771e-105,0.56,0.44,2.92982e-120,0.56
1e-05,0.6,0.6,0.6,3,1.1781,0,0.56,0.44,0,0.56
1e-05,0.6,0.6,0.6,1,1.27627,0,0.56,0.44,5.74461e-59,0.56
1e-05,0.6,0.6,0.6,2,1.27627,0,0.56,0.44,0,0.56
1e-05,0.6,0.6,0.6,3,1.27627,0,0.56,0.44,1.19976e-115,0.56
1e-05,0.6,0.6,0.6,1,1.37445,0,0.56,0.44,9.66745e-116,0.56
1e-05,0.6,0.6,0.6,3,1.37445,0,0.56,0.44,1.42645e-136,0.56
1e-05,0.6,0.6,0.6,2,1.37445,2.13697e-115,0.56,0.44,2.45042e-137,0.56
1e-05,0.6,0.6,0.6,1,1.47262,7.66762e-137,0.56,0.44,0,0.56
1e-05,0.6,0.6,0.6,2,1.47262,0,0.56,0.44,7.84171e-103,0.56
1e-05,0.6,0.6,0.6,3,1.47262,0,0.56,0.44,0,0.557295
1e-05,0.8,0.6,0.6,1,0.0981748,0.0597111,0.00588103,0.934408,0,0.559108
1e-05,0.8,0.6,0.6,3,0.0981748,0,0.559003,0.440997,1.05649e-144,0.56
1e-05,0.8,0.6,0.6,2,0.0981748,0,0.559003,0.440997,0,0.56
1e-05,0.8,0.6,0.6,1,0.19635,3.44957e-145,0.56,0.44,0,0.56
1e-05,0.8,0.6,0.6,2,0.19635,0,0.56,0.44,0,0.56
1e-05,0.8,0.6,0.6,3,0.19635,0,0.56,0.44,2.55707e-167,0.56
1e-05,0.8,0.6,0.6,1,0.294524,0,0.56,0.44,0,0.56
1e-05,0.8,0.6,0.6,2,0.294524,0,0.56,0.44,8.20367e-86,0.56
1e-05,0.8,0.6,0.6,3,0.294524,0,0.56,0.44,8.30809e-86,0.56
1e-05,0.8,0.6,0.6,2,0.392699,0,0.56,0.44,7.91137e-127,0.56
1e-05,0.8,0.6,0.6,1,0.392699,9.27656e-86,0.56,0.44,0,0.56
1e-05,0.8,0.6,0.6,3,0.392699,1.29498e-127,0.56,0.44,0,0.56
1e-05,0.8,0.6,0.6,1,0.490874,0,0.56,0.44,0,0.56
1e-05,0.8,0.6,0.6,2,0.490874,0,0.56,0.44,2.28679e-166,0.56
1e-05,0.8,0.6,0.6,3,0.490874,0,0.56,0.44,4.27702e-166,0.56
1e-05,0.8,0.6,0.6,1,0.589049,4.66645e-166,0.56,0.44,0,0.56
1e-05,0.8,0.6,0.6,2,0.589049,0,0.56,0.44,0,0.56
1e-05,0.8,0.6,0.6,1,0.687223,0,0.56,0.44,6.38847e-115,0.56
1e-05,0.8,0.6,0.6,3,0.589049,0,0.56,0.44,4.67401e-115,0.56
1e-05,0.8,0.6,0.6,2,0.687223,2.9804e-116,0.56,0.44,0,0.56
1e-05,0.8,0.6,0.6,3,0.687223,0,0.56,0.44,0,0.56
1e-05,0.8,0.6,0.6,1,0.785398,0,0.56,0.44,3.37732e-79,0.56
1e-05,0.8,0.6,0.6,2,0.785398,0,0.56,0.44,0,0.56
1e-05,0.8,0.6,0.6,1,0.883573,0,0.56,0.44,0,0.56
1e-05,0.8,0.6,0.6,3,0.785398,0,0.56,0.44,0,0.56
1e-05,0.8,0.6,0.6,3,0.883573,0,0.56,0.44,2.28467e-91,0.56
1e-05,0.8,0.6,0.6,2,0.883573,0,0.56,0.44,4.37793e-90,0.56
1e-05,0.8,0.6,0.6,1,0.981748,3.17187e-90,0.56,0.44,9.82636e-133,0.56
1e-05,0.8,0.6,0.6,2,0.981748,0,0.56,0.44,4.48942e-133,0.56
1e-05,0.8,0.6,0.6,1,1.07992,0,0.56,0.44,0,0.56
1e-05,0.8,0.6,0.6,3,0.981748,6.23647e-133,0.56,0.44,2.93405e-169,0.56
1e-05,0.8,0.6,0.6,2,1.07992,0,0.56,0.44,6.952e-166,0.56
1e-05,0.8,0.6,0.6,3,1.07992,0,0.56,0.44,3.73722e-164,0.56
1e-05,0.8,0.6,0.6,1,1.1781,1.30858e-164,0.56,0.44,8.58641e-154,0.56
1e-05,0.8,0.6,0.6,2,1.1781,0,0.56,0.44,0,0.56
1e-05,0.8,0.6,0.6,1,1.27627,0,0.56,0.44,0,0.56
1e-05,0.8,0.6,0.6,3,1.1781,4.14175e-154,0.56,0.44,0,0.56
1e-05,0.8,0.6,0.6,2,1.27627,0,0.56,0.44,4.85378e-155,0.56
1e-05,0.8,0.6,0.6,3,1.27627,0,0.56,0.44,0,0.56
1e-05,0.8,0.6,0.6,2,1.37445,0,0.56,0.44,0,0.56
1e-05,0.8,0.6,0.6,1,1.37445,0,0.56,0.44,0,0.56
1e-05,0.8,0.6,0.6,3,1.37445,0,0.56,0.44,7.77356e-152,0.56
1e-05,0.8,0.6,0.6,1,1.47262,0,0.56,0.44,2.32355e-152,0.56
1e-05,0.8,0.6,0.6,3,1.47262,0,0.56,0.44,3.6117e-39,0.559973
1e-05,0.8,0.6,0.6,2,1.47262,8.01656e-152,0.56,0.44,1.85141e-39,0.559981
1e-05,1,0.6,0.6,1,0.0981748,3.40447e-39,0.559979,0.440021,8.3571e-157,0.56
1e-05,1,0.6,0.6,2,0.0981748,0,0.559979,0.440021,0,0.56
1e-05,1,0.6,0.6,3,0.0981748,0,0.56,0.44,0,0.559997
1e-05,1,0.6,0.6,1,0.19635,0,0.56,0.44,3.35681e-120,0.559999
1e-05,1,0.6,0.6,2,0.19635,2.55933e-119,0.559998,0.440002,0,0.56
1e-05,1,0.6,0.6,3,0.19635,0,0.559998,0.440002,0,0.56
1e-05,1,0.6,0.6,1,0.294524,0,0.56,0.44,1.08093e-168,0.56
1e-05,1,0.6,0.6,2,0.294524,0,0.56,0.44,0,0.56
1e-05,1,0.6,0.6,3,0.294524,0,0.56,0.44,0,0.56
1e-05,1,0.6,0.6,1,0.392699,0,0.56,0.44,0,0.56
1e-05,1,0.6,0.6,2,0.392699,0,0.56,0.44,4.4463e-126,0.56
1e-05,1,0.6,0.6,3,0.392699,0,0.56,0.44,0,0.56
1e-05,1,0.6,0.6,1,0.490874,0,0.56,0.44,0,0.56
1e-05,1,0.6,0.6,2,0.490874,0,0.56,0.44,2.06482e-203,0.56
1e-05,1,0.6,0.6,3,0.490874,3.8643e-203,0.56,0.44,0,0.56
1e-05,1,0.6,0.6,1,0.589049,0,0.56,0.44,4.34368e-182,0.56
1e-05,1,0.6,0.6,2,0.589049,7.287e-182,0.56,0.44,0,0.56
1e-05,1,0.6,0.6,3,0.589049,0,0.56,0.44,0,0.56
1e-05,1,0.6,0.6,1,0.687223,0,0.56,0.44,0,0.56
1e-05,1,0.6,0.6,2,0.687223,0,0.56,0.44,0,0.56
1e-05,1,0.6,0.6,1,0.785398,0,0.56,0.44,0,0.56
1e-05,1,0.6,0.6,3,0.687223,0,0.56,0.44,1.48648e-153,0.56
1e-05,1,0.6,0.6,3,0.785398,0,0.56,0.44,4.89641e-140,0.56
1e-05,1,0.6,0.6,2,0.785398,0,0.56,0.44,0,0.56
1e-05,1,0.6,0.6,2,0.883573,0,0.56,0.44,2.08814e-146,0.56
1e-05,1,0.6,0.6,1,0.883573,4.84975e-141,0.56,0.44,0,0.56
1e-05,1,0.6,0.6,1,0.981748,0,0.56,0.44,0,0.56
1e-05,1,0.6,0.6,3,0.883573,0,0.56,0.44,0,0.56
1e-05,1,0.6,0.6,2,0.981748,0,0.56,0.44,1.40316e-146,0.56
1e-05,1,0.6,0.6,3,0.981748,0,0.56,0.44,1.40228e-146,0.56
1e-05,1,0.6,0.6,2,1.07992,0,0.56,0.44,0,0.56
1e-05,1,0.6,0.6,1,1.07992,2.35089e-146,0.56,0.44,0,0.56
1e-05,1,0.6,0.6,3,1.07992,0,0.56,0.44,3.85326e-131,0.56
1e-05,1,0.6,0.6,1,1.1781,0,0.56,0.44,0,0.56
1e-05,1,0.6,0.6,3,1.1781,0,0.56,0.44,0,0.56
1e-05,1,0.6,0.6,2,1.1781,0,0.56,0.44,0,0.56
1e-05,1,0.6,0.6,1,1.27627,0,0.56,0.44,2.53104e-114,0.56
1e-05,1,0.6,0.6,2,1.27627,0,0.56,0.44,2.53104e-114,0.56
1e-05,1,0.6,0.6,3,1.27627,3.27858e-114,0.56,0.44,3.7364e-157,0.56
1e-05,1,0.6,0.6,1,1.37445,0,0.56,0.44,1.62841e-157,0.56
1e-05,1,0.6,0.6,2,1.37445,3.13122e-157,0.56,0.44,3.12216e-130,0.56
1e-05,1,0.6,0.6,3,1.37445,0,0.56,0.44,2.06224e-130,0.56
1e-05,1,0.6,0.6,1,1.47262,1.68497e-130,0.56,0.44,7.7758e-152,0.56
1e-05,1,0.6,0.6,2,1.47262,0,0.56,0.44,4.30142e-152,0.56
1e-05,1,0.6,0.6,3,1.47262,1.03711e-151,0.56,0.44,5.78173e-141,0.56
1e-05,1.2,0.6,0.6,1,0.0981748,0.0597111,0.00588103,0.934408,0,0.56
1e-05,1.2,0.6,0.6,2,0.0981748,1.39049e-141,0.56,0.44,2.22164e-146,0.56
1e-05,1.2,0.6,0.6,3,0.0981748,0,0.56,0.44,0,0.56
1e-05,1.2,0.6,0.6,1,0.19635,1.08984e-146,0.56,0.44,0,0.56
1e-05,1.2,0.6,0.6,2,0.19635,0,0.56,0.44,2.55521e-214,0.56
1e-05,1.2,0.6,0.6,1,0.294524,0,0.56,0.44,0,0.56
1e-05,1.2,0.6,0.6,3,0.19635,4.12193e-214,0.56,0.44,2.52797e-149,0.56
1e-05,1.2,0.6,0.6,2,0.294524,1.6257e-148,0.56,0.44,1.58351e-175,0.56
1e-05,1.2,0.6,0.6,3,0.294524,0,0.56,0.44,0,0.56
1e-05,1.2,0.6,0.6,2,0.392699,0,0.56,0.44,0,0.56
1e-05,1.2,0.6,0.6,1,0.392699,0,0.56,0.44,1.42826e-128,0.56
1e-05,1.2,0.6,0.6,3,0.392699,0,0.56,0.44,0,0.56
1e-05,1.2,0.6,0.6,1,0.490874,0,0.56,0.44,0,0.56
1e-05,1.2,0.6,0.6,3,0.490874,0,0.56,0.44,2.07004e-164,0.56
1e-05,1.2,0.6,0.6,2,0.490874,0,0.56,0.44,5.3416e-165,0.56
1e-05,1.2,0.6,0.6,2,0.589049,0,0.56,0.44,0,0.56
1e-05,1.2,0.6,0.6,1,0.589049,1.1753e-164,0.56,0.44,0,0.56
1e-05,1.2,0.6,0.6,1,0.687223,0,0.56,0.44,0,0.56
1e-05,1.2,0.6,0.6,3,0.589049,5.36031e-163,0.56,0.44,2.56576e-145,0.56
1e-05,1.2,0.6,0.6,2,0.687223,0,0.56,0.44,6.73057e-219,0.56
1e-05,1.2,0.6,0.6,3,0.687223,0,0.56,0.44,5.15515e-219,0.56
1e-05,1.2,0.6,0.6,1,0.785398,7.38704e-219,0.56,0.44,3.96734e-130,0.56
1e-05,1.2,0.6,0.6,2,0.785398,0,0.56,0.44,2.45681e-130,0.56
1e-05,1.2,0.6,0.6,3,0.785398,2.25984e-130,0.56,0.44,1.25684e-157,0.56
1e-05,1.2,0.6,0.6,1,0.883573,0,0.56,0.44,4.77977e-158,0.56
1e-05,1.2,0.6,0.6,2,0.883573,1.17972e-157,0.56,0.44,0,0.56
1e-05,1.2,0.6,0.6,3,0.883573,0,0.56,0.44,0,0.56
1e-05,1.2,0.6,0.6,2,0.981748,0,0.56,0.44,3.62214e-230,0.56
1e-05,1.2,0.6,0.6,1,0.981748,0,0.56,0.44,1.44335e-230,0.56
1e-05,1.2,0.6,0.6,1,1.07992,0,0.56,0.44,0,0.56
1e-05,1.2,0.6,0.6,3,0.981748,4.37441e-230,0.56,0.44,1.01546e-169,0.56
1e-05,1.2,0.6,0.6,3,1.07992,0,0.56,0.44,0,0.56
1e-05,1.2,0.6,0.6,2,1.07992,3.24057e-169,0.56,0.44,0,0.56
1e-05,1.2,0.6,0.6,1,1.1781,0,0.56,0.44,0,0.56
1e-05,1.2,0.6,0.6,2,1.1781,0,0.56,0.44,2.4366e-131,0.56
1e-05,1.2,0.6,0.6,3,1.1781,5.07087e-131,0.56,0.44,9.85067e-171,0.56
1e-05,1.2,0.6,0.6,1,1.27627,0,0.56,0.44,0,0.56
1e-05,1.2,0.6,0.6,2,1.27627,0,0.56,0.44,0,0.56
1e-05,1.2,0.6,0.6,3,1.27627,0,0.56,0.44,0,0.56
1e-05,1.2,0.6,0.6,1,1.37445,0,0.56,0.44,8.15686e-164,0.56
1e-05,1.2,0.6,0.6,2,1.37445,0,0.56,0.44,0,0.56
1e-05,1.2,0.6,0.6,1,1.47262,0,0.56,0.44,0,0.56
1e-05,1.2,0.6,0.6,3,1.37445,0,0.56,0.44,1.47239e-123,0.56
1e-05,1.2,0.6,0.6,2,1.47262,0,0.56,0.44,1.69229e-113,0.56
1e-05,1.2,0.6,0.6,3,1.47262,0,0.56,0.44,0,0.56
